"campaign_no","no_of_sent_emails","generated_revenue","response_rate","Delivery_failure_rate","ignorance_rate"
1,45200,8900,0.336383368535899,0.106597653585486,0.40800940846093
2,59000,15900,0.444953098115511,0.0507339583756402,0.441242431302089
3,31001,12000,0.416671936148778,0.0729940191330388,0.445289074804168
4,57880,11000,0.370861569927074,0.0776756194327027,0.463478318427224
5,78330,15000,0.345847566127777,0.0641085180593655,0.536150272190571
6,43900,9500,0.35669289604295,0.0940339244017377,0.543506580765825
